query,entity,label
"when was the last time capulin erupted
","23, 2016",DATE
"when was the last time capulin erupted
","roughly 56,000 to",CARDINAL
"when was the last time capulin erupted
","62,000 years ago",DATE
"when was the last time capulin erupted
",the Raton-Clayton,ORG
"when was the last time capulin erupted
","Mar 10, 2022",DATE
"when was the last time capulin erupted
",Capulin,PERSON
"when was the last time capulin erupted
",Capulin,GPE
"when was the last time capulin erupted
","approximately 60,000 years ago",DATE
"when was the last time capulin erupted
",RCVF,ORG
"when was the last time capulin erupted
","20, 2020",DATE
"when was the last time capulin erupted
",RCVF,ORG
"when was the last time capulin erupted
",approximately 9 million years ago,DATE
"when was the last time capulin erupted
",Capulin,PERSON
"when was the last time capulin erupted
","between 56,000 and 62,000 years ago",CARDINAL
"when was the last time capulin erupted
",Paricutin,PERSON
"when was the last time capulin erupted
",Mexico,GPE
"when was the last time capulin erupted
",1943,DATE
"when was the last time capulin erupted
",Capulin,PERSON
"What year did the Capulin Volcano in New Mexico Last errupt
","23, 2016",DATE
"What year did the Capulin Volcano in New Mexico Last errupt
","roughly 56,000 to",CARDINAL
"What year did the Capulin Volcano in New Mexico Last errupt
","62,000 years ago",DATE
"What year did the Capulin Volcano in New Mexico Last errupt
",the Raton-Clayton,ORG
"What year did the Capulin Volcano in New Mexico Last errupt
","Mar 10, 2022",DATE
"What year did the Capulin Volcano in New Mexico Last errupt
",Capulin Volcano,PERSON
"What year did the Capulin Volcano in New Mexico Last errupt
","around 60,000 years ago",DATE
"What year did the Capulin Volcano in New Mexico Last errupt
",Capulin Volcano,PERSON
"What year did the Capulin Volcano in New Mexico Last errupt
",Capulin,GPE
"What year did the Capulin Volcano in New Mexico Last errupt
","approximately 60,000 years ago",DATE
"What year did the Capulin Volcano in New Mexico Last errupt
",RCVF,ORG
"What year did the Capulin Volcano in New Mexico Last errupt
","20, 2020",DATE
"What year did the Capulin Volcano in New Mexico Last errupt
",Capulin Volcano,PERSON
"What year did the Capulin Volcano in New Mexico Last errupt
",15.7 square miles,QUANTITY
"What year did the Capulin Volcano in New Mexico Last errupt
",New Mexico,GPE
"What year did the Capulin Volcano in New Mexico Last errupt
",Capulin,PERSON
"What year did the Capulin Volcano in New Mexico Last errupt
","as young as 11,000 years old",DATE
"What year did the Capulin Volcano in New Mexico Last errupt
",Paricutin,PERSON
"What year did the Capulin Volcano in New Mexico Last errupt
",Mexico,GPE
"What year did the Capulin Volcano in New Mexico Last errupt
",1943,DATE
"What year did the Capulin Volcano Last errupt
","23, 2016",DATE
"What year did the Capulin Volcano Last errupt
","roughly 56,000 to",CARDINAL
"What year did the Capulin Volcano Last errupt
","62,000 years ago",DATE
"What year did the Capulin Volcano Last errupt
",the Raton-Clayton,ORG
"What year did the Capulin Volcano Last errupt
","Mar 10, 2022",DATE
"What year did the Capulin Volcano Last errupt
",Capulin Volcano,PERSON
"What year did the Capulin Volcano Last errupt
","around 60,000 years ago",DATE
"What year did the Capulin Volcano Last errupt
",Capulin Volcano,PERSON
"What year did the Capulin Volcano Last errupt
","more than 60,000 years ago",DATE
"What year did the Capulin Volcano Last errupt
","20, 2020",DATE
"What year did the Capulin Volcano Last errupt
",RCVF,ORG
"What year did the Capulin Volcano Last errupt
",approximately 9 million years ago,DATE
"What year did the Capulin Volcano Last errupt
",Capulin,PERSON
"What year did the Capulin Volcano Last errupt
","between 56,000 and 62,000 years ago",CARDINAL
"What year did the Capulin Volcano Last errupt
",Paricutin,PERSON
"What year did the Capulin Volcano Last errupt
",Mexico,GPE
"What year did the Capulin Volcano Last errupt
",1943,DATE
"What year did the Capulin Volcano Last errupt
",Capulin,PERSON
"In Arizona what dessert is the Organ Pipe Cactus Monument found in
","Dec 19, 2022",DATE
"In Arizona what dessert is the Organ Pipe Cactus Monument found in
",Sonoran Desert,PERSON
"In Arizona what dessert is the Organ Pipe Cactus Monument found in
",Mexican,NORP
"In Arizona what dessert is the Organ Pipe Cactus Monument found in
",Organ Pipe Cactus,ORG
"In Arizona what dessert is the Organ Pipe Cactus Monument found in
","15, 2015",DATE
"In Arizona what dessert is the Organ Pipe Cactus Monument found in
",the Organ Pipe Cactus National Monument,ORG
"In Arizona what dessert is the Organ Pipe Cactus Monument found in
",2002,DATE
"In Arizona what dessert is the Organ Pipe Cactus Monument found in
",America,GPE
"In Arizona what dessert is the Organ Pipe Cactus Monument found in
","Organ Pipe Cactus National Monument, Ajo Picture",ORG
"In Arizona what dessert is the Organ Pipe Cactus Monument found in
",arizona,GPE
"In Arizona what dessert is the Organ Pipe Cactus Monument found in
",Tripadvisor,GPE
"In Arizona what dessert is the Organ Pipe Cactus Monument found in
",650,CARDINAL
"In Arizona what dessert is the Organ Pipe Cactus Monument found in
",664 miles,QUANTITY
"In Arizona what dessert is the Organ Pipe Cactus Monument found in
","1,069km",QUANTITY
"In Arizona what dessert is the Organ Pipe Cactus Monument found in
",25790,DATE
"In Arizona what dessert is the Organ Pipe Cactus Monument found in
","7,861 meters",QUANTITY
"In Arizona what dessert is the Organ Pipe Cactus Monument found in
",last Sunday,DATE
"In Arizona what dessert is the Organ Pipe Cactus Monument found in
",Rue,PERSON
"In Arizona what dessert is the Organ Pipe Cactus Monument found in
",Organ Pipe Cactus National Monument,ORG
"In Arizona what dessert is the Organ Pipe Cactus Monument in arizona found
","Dec 19, 2022",DATE
"In Arizona what dessert is the Organ Pipe Cactus Monument in arizona found
",Arizona,GPE
"In Arizona what dessert is the Organ Pipe Cactus Monument in arizona found
",Organ Pipe Cactus National Monument,ORG
"In Arizona what dessert is the Organ Pipe Cactus Monument in arizona found
",Arizona,GPE
"In Arizona what dessert is the Organ Pipe Cactus Monument in arizona found
","""The Wall",WORK_OF_ART
"In Arizona what dessert is the Organ Pipe Cactus Monument in arizona found
",more than 100,CARDINAL
"In Arizona what dessert is the Organ Pipe Cactus Monument in arizona found
","15, 2015",DATE
"In Arizona what dessert is the Organ Pipe Cactus Monument in arizona found
",Arizona,GPE
"In Arizona what dessert is the Organ Pipe Cactus Monument in arizona found
",Sonoran Desert,PERSON
"In Arizona what dessert is the Organ Pipe Cactus Monument in arizona found
",Organ Pipe Cactus National Monument,ORG
"In Arizona what dessert is the Organ Pipe Cactus Monument in arizona found
",Mexican,NORP
"In Arizona what dessert is the Organ Pipe Cactus Monument in arizona found
","Organ Pipe Cactus National Monument, Ajo Picture",ORG
"In Arizona what dessert is the Organ Pipe Cactus Monument in arizona found
",arizona,GPE
"In Arizona what dessert is the Organ Pipe Cactus Monument in arizona found
",Tripadvisor,GPE
"In Arizona what dessert is the Organ Pipe Cactus Monument in arizona found
",650,CARDINAL
"In Arizona what dessert is the Organ Pipe Cactus Monument in arizona found
",664 miles,QUANTITY
"In Arizona what dessert is the Organ Pipe Cactus Monument in arizona found
","1,069km",QUANTITY
"In Arizona what dessert is the Organ Pipe Cactus Monument in arizona found
",25790,DATE
"In Arizona what dessert is the Organ Pipe Cactus Monument in arizona found
","7,861 meters",QUANTITY
"In Arizona what dessert is the Organ Pipe Cactus Monument in arizona found
",last Sunday,DATE
"In Arizona what dessert is the Organ Pipe Cactus Monument in arizona found
",Rue,PERSON
"In Arizona what dessert is the Organ Pipe Cactus Monument in arizona found
",Organ Pipe Cactus National Monument,ORG
"Witch desert was the Organ Pipe Cactus in
",Sonoran Desert,PERSON
"Witch desert was the Organ Pipe Cactus in
",Arizona,GPE
"Witch desert was the Organ Pipe Cactus in
",Organ Pipe Cactus National Monument,ORG
"Witch desert was the Organ Pipe Cactus in
",Tinajas Altas,ORG
"Witch desert was the Organ Pipe Cactus in
",Lizard,ORG
"Witch desert was the Organ Pipe Cactus in
",Organ Pipe Cactus National Monument,ORG
"Witch desert was the Organ Pipe Cactus in
",Arizona,GPE
"Witch desert was the Organ Pipe Cactus in
",Nutritional Value,ORG
"Witch desert was the Organ Pipe Cactus in
",Organ Pipe,PERSON
"Witch desert was the Organ Pipe Cactus in
",Desert,PERSON
"Witch desert was the Organ Pipe Cactus in
",Organ Pipe Cactus National Monument,ORG
"Witch desert was the Organ Pipe Cactus in
",Arizona,GPE
"Witch desert was the Organ Pipe Cactus in
","6, 2010",DATE
"the name of the desert in arizona that borders mexico That also has the Organ Pipe Cactus in it
","Dec 19, 2022",DATE
"the name of the desert in arizona that borders mexico That also has the Organ Pipe Cactus in it
",U.S. Customs and Border Protection,ORG
"the name of the desert in arizona that borders mexico That also has the Organ Pipe Cactus in it
",North,PERSON
"the name of the desert in arizona that borders mexico That also has the Organ Pipe Cactus in it
",first,ORDINAL
"the name of the desert in arizona that borders mexico That also has the Organ Pipe Cactus in it
",30-foot,QUANTITY
"the name of the desert in arizona that borders mexico That also has the Organ Pipe Cactus in it
",9.1,CARDINAL
"the name of the desert in arizona that borders mexico That also has the Organ Pipe Cactus in it
",Arizona,GPE
"the name of the desert in arizona that borders mexico That also has the Organ Pipe Cactus in it
",US,GPE
"the name of the desert in arizona that borders mexico That also has the Organ Pipe Cactus in it
",August 2019,DATE
"the name of the desert in arizona that borders mexico That also has the Organ Pipe Cactus in it
",two-mile,QUANTITY
"the name of the desert in arizona that borders mexico That also has the Organ Pipe Cactus in it
",3.2 km,QUANTITY
"the name of the desert in arizona that borders mexico That also has the Organ Pipe Cactus in it
",Organ Pipe Cactus,ORG
"the name of the desert in arizona that borders mexico That also has the Organ Pipe Cactus in it
",Mexican,NORP
"the name of the desert in arizona that borders mexico That also has the Organ Pipe Cactus in it
",Organ Pipe Cactus National Monument,ORG
"the name of the desert in arizona that borders mexico That also has the Organ Pipe Cactus in it
",Arizona,GPE
"the name of the desert in arizona that borders mexico That also has the Organ Pipe Cactus in it
","15, 2015",DATE
"the name of the desert in arizona that borders mexico That also has the Organ Pipe Cactus in it
",Arizona,GPE
"the name of the desert in arizona that borders mexico That also has the Organ Pipe Cactus in it
",Sonoran Desert,PERSON
"the name of the desert in arizona that borders mexico That also has the Organ Pipe Cactus in it
",Organ Pipe Cactus National Monument,ORG
"the name of the desert in arizona that borders mexico That also has the Organ Pipe Cactus in it
",Mexican,NORP
"the name of the desert in arizona that borders mexico That also has the Organ Pipe Cactus in it
",months,DATE
"the name of the desert in arizona that borders mexico That also has the Organ Pipe Cactus in it
",Sonoran Desert Biosphere Reserve,PERSON
"the name of the desert in arizona that borders mexico That also has the Organ Pipe Cactus in it
",National Monument,ORG
"the name of the desert in arizona that borders mexico That also has the Organ Pipe Cactus in it
",Sonoran,GPE
"the name of the desert in arizona that borders mexico That also has the Organ Pipe Cactus in it
",Arizona,GPE
"the name of the desert in arizona that borders mexico That also has the Organ Pipe Cactus in it
",Mexico,GPE
"when was the last time the capulin volcano erupted 
","23, 2016",DATE
"when was the last time the capulin volcano erupted 
","roughly 56,000 to",CARDINAL
"when was the last time the capulin volcano erupted 
","62,000 years ago",DATE
"when was the last time the capulin volcano erupted 
",the Raton-Clayton,ORG
"when was the last time the capulin volcano erupted 
","Mar 10, 2022",DATE
"when was the last time the capulin volcano erupted 
",Capulin Volcano,PERSON
"when was the last time the capulin volcano erupted 
","around 60,000 years ago",DATE
"when was the last time the capulin volcano erupted 
",Capulin Volcano,PERSON
"when was the last time the capulin volcano erupted 
",Paricutin,PERSON
"when was the last time the capulin volcano erupted 
",Mexico,GPE
"when was the last time the capulin volcano erupted 
",1943,DATE
"when was the last time the capulin volcano erupted 
",Capulin,PERSON
"when was the last time the capulin volcano erupted 
","20, 2020",DATE
"when was the last time the capulin volcano erupted 
",RCVF,ORG
"when was the last time the capulin volcano erupted 
",approximately 9 million years ago,DATE
"when was the last time the capulin volcano erupted 
",Capulin,PERSON
"when was the last time the capulin volcano erupted 
","between 56,000 and 62,000 years ago",CARDINAL
"when was the last time the capulin volcano erupted 
",Capulin,GPE
"when was the last time the capulin volcano erupted 
","approximately 60,000 years ago",DATE
"when was the last time the capulin volcano erupted 
",RCVF,ORG
"how many people died in the johnstown flood
","May 31, 2019",DATE
"how many people died in the johnstown flood
","2,208",CARDINAL
"how many people died in the johnstown flood
","the ""Johnstown Flood",ORG
"how many people died in the johnstown flood
",U.S.,GPE
"how many people died in the johnstown flood
","2,209",CARDINAL
"how many people died in the johnstown flood
",99,CARDINAL
"how many people died in the johnstown flood
",396,CARDINAL
"how many people died in the johnstown flood
",124,CARDINAL
"how many people died in the johnstown flood
",198,CARDINAL
"how many people died in the johnstown flood
","Mar 12, 2022",DATE
"how many people died in the johnstown flood
",three,CARDINAL
"how many people died in the johnstown flood
","May 31, 1889",DATE
"how many people died in the johnstown flood
","at least 2,209",CARDINAL
"how many people died in the johnstown flood
",St. Patrick's,GPE
"how many people died in the johnstown flood
",1936,DATE
"how many people died in the johnstown flood
",almost two,CARDINAL
"how many people died in the johnstown flood
",Seven,CARDINAL
"how many people died in the johnstown flood
",$200 million,MONEY
"how many people died in the johnstown flood
",78,CARDINAL
"how many people died in the johnstown flood
",Forty,DATE
"how many people died in the johnstown flood
",the Laurel Run Dam,ORG
"how many people died in the johnstown flood
",Pennsylvania,GPE
"how many people died in the johnstown flood
","May 31, 1889",DATE
"how many people died in the johnstown flood
",the Johnstown Flood,ORG
"how many people died in the johnstown flood
","more than 2,200",CARDINAL
"how many people died in the johnstown flood
",Johnstown,GPE
"how many people died in the johnstown flood
",60 miles,QUANTITY
"what is the desert in arizona that the organ pip cactus is held in
","Dec 19, 2022",DATE
"what is the desert in arizona that the organ pip cactus is held in
",Arizona,GPE
"what is the desert in arizona that the organ pip cactus is held in
",Ajo,PERSON
"what is the desert in arizona that the organ pip cactus is held in
",22 miles,QUANTITY
"what is the desert in arizona that the organ pip cactus is held in
",35.4 km,QUANTITY
"what is the desert in arizona that the organ pip cactus is held in
","6, 2016",DATE
"what is the desert in arizona that the organ pip cactus is held in
",Marie Long & Jess Manuel Garca-Ynez,ORG
"what is the desert in arizona that the organ pip cactus is held in
",Arizona,GPE
"what is the desert in arizona that the organ pip cactus is held in
",Peter Holm,PERSON
"what is the desert in arizona that the organ pip cactus is held in
","Organ Pipe Cactus National Monument,",ORG
"what is the desert in arizona that the organ pip cactus is held in
",Federico Godinez Leal,PERSON
"what is the desert in arizona that the organ pip cactus is held in
",Sonoran Desert,PERSON
"what is the desert in arizona that the organ pip cactus is held in
",Arizona,GPE
"what is the desert in arizona that the organ pip cactus is held in
",Organ Pipe Cactus National,ORG
"organ pipe cactus national monument
","Dec 19, 2022",DATE
"organ pipe cactus national monument
",Organ Pipe Cactus National Monument,ORG
"organ pipe cactus national monument
",International Biosphere Reserve,ORG
"organ pipe cactus national monument
",Organ Pipe Cactus National Monument,ORG
"organ pipe cactus national monument
",U.S.,GPE
"organ pipe cactus national monument
",UNESCO,ORG
"organ pipe cactus national monument
",Arizona,GPE
"organ pipe cactus national monument
","Dec 19, 2022",DATE
"organ pipe cactus national monument
",16.00,MONEY
"organ pipe cactus national monument
",Access Pass,ORG
"organ pipe cactus national monument
",50%,PERCENT
"organ pipe cactus national monument
",Roosevelt,PERSON
"organ pipe cactus national monument
",Organ Pipe Cactus National Monument,ORG
"organ pipe cactus national monument
","more than 330,000 acres",QUANTITY
"organ pipe cactus national monument
",the Sonoran Desert,LOC
"organ pipe cactus national monument
",Arizona,GPE
"organ pipe cactus national monument
","Dec 19, 2022",DATE
"organ pipe cactus national monument
","This 330,000 acre",QUANTITY
"organ pipe cactus national monument
",1937,DATE
"organ pipe cactus national monument
",Sonoran Desert,PERSON
"organ pipe cactus national monument
",Organ Pipe Cactus National Monument...,ORG
"what country is the roosevelt campobello in
",Roosevelt Campobello International Park,PERSON
"what country is the roosevelt campobello in
",two,CARDINAL
"what country is the roosevelt campobello in
",Parks Canada,ORG
"what country is the roosevelt campobello in
",the U.S. National Park Service,ORG
"what country is the roosevelt campobello in
","Feb 19, 2016",DATE
"what country is the roosevelt campobello in
",Roosevelt,PERSON
"what country is the roosevelt campobello in
","Beloved Island"" Memorial",WORK_OF_ART
"what country is the roosevelt campobello in
",many years,DATE
"what country is the roosevelt campobello in
",Franklin D. Roosevelt,PERSON
"what country is the roosevelt campobello in
",Campobello Island,LOC
"what country is the roosevelt campobello in
",FDR,PERSON
"everglades national park
","Jan 9, 2023",DATE
"everglades national park
",National Park,GPE
"everglades national park
",American,NORP
"everglades national park
",twenty percent,PERCENT
"everglades national park
",Florida,GPE
"everglades national park
",Florida,GPE
"everglades national park
",1.5 million acres,QUANTITY
"everglades national park
",National Park,GPE
"everglades national park
",North American,NORP
"everglades national park
",National Park,LOC
"everglades national park
",third,ORDINAL
"everglades national park
",48,CARDINAL
"everglades national park
","2,400 square miles",QUANTITY
"what country  is the Roosevelt Campobello international park in
","Feb 19, 2016",DATE
"what country  is the Roosevelt Campobello international park in
",FDR,PERSON
"what country  is the Roosevelt Campobello international park in
",U.S.,GPE
"what country  is the Roosevelt Campobello international park in
",Canada,GPE
"what country  is the Roosevelt Campobello international park in
",Roosevelt Campobello International Park,PERSON
"what country  is the Roosevelt Campobello international park in
",Roosevelt Campobello International Park,PERSON
"what country  is the Roosevelt Campobello international park in
",summer,DATE
"what country  is the Roosevelt Campobello international park in
",Franklin D. Roosevelt,PERSON
"what country  is the Roosevelt Campobello international park in
",Eleanor Roosevelt,PERSON
"what country  is the Roosevelt Campobello international park in
",Campobello Island,LOC
"what country  is the Roosevelt Campobello international park in
",New Brunswick,GPE
"what country  is the Roosevelt Campobello international park in
",Canada,GPE
"what country  is the Roosevelt Campobello international park in
",the FDR International Bridge,EVENT
"what country  is the Roosevelt Campobello international park in
",Lubec,GPE
"what country  is the Roosevelt Campobello international park in
",Maine,GPE
"what country  is the Roosevelt Campobello international park in
",Roosevelt Campobello International Park,PERSON
"what country  is the Roosevelt Campobello international park in
",Franklin,ORG
"what country  is the Roosevelt Campobello international park in
",Beloved Island,LOC
"what country  is the Roosevelt Campobello international park in
",The Summer Home of President,ORG
"what country  is the Roosevelt Campobello international park in
",Franklin D.,PERSON
"what is the name of the organ pipe cactis desert
","Dec 19, 2022",DATE
"what is the name of the organ pipe cactis desert
",the Sonoran Desert,LOC
"what is the name of the organ pipe cactis desert
",Organ Pipe Cactus National Monument,ORG
"what is the name of the organ pipe cactis desert
",the United States,GPE
"what is the name of the organ pipe cactis desert
",the Sonoran Desert,LOC
"what is the name of the organ pipe cactis desert
","Dec 19, 2022",DATE
"what is the name of the organ pipe cactis desert
",the Sonoran Desert,LOC
"what is the name of the organ pipe cactis desert
",Organ Pipe Cactus National Monument,ORG
"what is the name of the organ pipe cactis desert
",U.S.,GPE
"what is the name of the organ pipe cactis desert
",UNESCO,ORG
"what is the name of the organ pipe cactis desert
",Arizona,GPE
"what is the name of the organ pipe cactis desert
","3, 2016",DATE
"what is the name of the organ pipe cactis desert
",Organ Pipe Cactus National Monument,ORG
"what is the name of the organ pipe cactis desert
",second,ORDINAL
"when was last time time volcano erupted in new mexico
","23, 2016",DATE
"when was last time time volcano erupted in new mexico
","roughly 56,000 to",CARDINAL
"when was last time time volcano erupted in new mexico
","62,000 years ago",DATE
"when was last time time volcano erupted in new mexico
",the Raton-Clayton,ORG
"when was last time time volcano erupted in new mexico
","May 4, 2022",DATE
"when was last time time volcano erupted in new mexico
",New Mexico,GPE
"when was last time time volcano erupted in new mexico
",Mount Taylor,LOC
"when was last time time volcano erupted in new mexico
",the Jemez Mountains,LOC
"when was last time time volcano erupted in new mexico
",Albuquerque,PERSON
"when was last time time volcano erupted in new mexico
",Capulin,PERSON
"when was last time time volcano erupted in new mexico
",1000s of years,DATE
"when was last time time volcano erupted in new mexico
",New Mexico,GPE
"when was last time time volcano erupted in new mexico
",Capulin Volcano National Monument  ,PERSON
"when was last time time volcano erupted in new mexico
",El Malpais National Monument and,ORG
"when was last time time volcano erupted in new mexico
",Zuni Bandera Volcanic,PERSON
"when was last time time volcano erupted in new mexico
","Mar 10, 2022",DATE
"when was last time time volcano erupted in new mexico
",Capulin Volcano,PERSON
"when was last time time volcano erupted in new mexico
","around 60,000 years ago",DATE
"when was last time time volcano erupted in new mexico
",Capulin Volcano,PERSON
"when was last time capulin erupted
","23, 2016",DATE
"when was last time capulin erupted
","roughly 56,000 to",CARDINAL
"when was last time capulin erupted
","62,000 years ago",DATE
"when was last time capulin erupted
",the Raton-Clayton,ORG
"when was last time capulin erupted
","Mar 10, 2022",DATE
"when was last time capulin erupted
",Capulin Volcano,PERSON
"when was last time capulin erupted
","around 60,000 years ago",DATE
"when was last time capulin erupted
",Capulin Volcano,PERSON
"when was last time capulin erupted
",Capulin,GPE
"when was last time capulin erupted
","approximately 60,000 years ago",DATE
"when was last time capulin erupted
",RCVF,ORG
"when was last time capulin erupted
","20, 2020",DATE
"when was last time capulin erupted
",RCVF,ORG
"when was last time capulin erupted
",approximately 9 million years ago,DATE
"when was last time capulin erupted
",Capulin,PERSON
"when was last time capulin erupted
","between 56,000 and 62,000 years ago",CARDINAL
"when was last time capulin erupted
",Paricutin,PERSON
"when was last time capulin erupted
",Mexico,GPE
"when was last time capulin erupted
",1943,DATE
"when was last time capulin erupted
",Capulin,PERSON
"how many people died during pennsylvania flood
","May 31, 2019",DATE
"how many people died during pennsylvania flood
","2,208",CARDINAL
"how many people died during pennsylvania flood
","the ""Johnstown Flood",ORG
"how many people died during pennsylvania flood
",U.S.,GPE
"how many people died during pennsylvania flood
",the 1900,DATE
"how many people died during pennsylvania flood
","Mar 12, 2022",DATE
"how many people died during pennsylvania flood
",three,CARDINAL
"how many people died during pennsylvania flood
","May 31, 1889",DATE
"how many people died during pennsylvania flood
","at least 2,209",CARDINAL
"how many people died during pennsylvania flood
",St. Patrick's,GPE
"how many people died during pennsylvania flood
",1936,DATE
"how many people died during pennsylvania flood
","2,209",CARDINAL
"how many people died during pennsylvania flood
",99,CARDINAL
"how many people died during pennsylvania flood
",396,CARDINAL
"how many people died during pennsylvania flood
",124,CARDINAL
"how many people died during pennsylvania flood
",198,CARDINAL
"how many people died during pennsylvania flood
","Over 2,000",CARDINAL
"how many people died during pennsylvania flood
",the Johnstown Flood  Citation Information  Fact Check,ORG
"how many people died during pennsylvania flood
",This Day,DATE
"how many people died during pennsylvania flood
",History May,GPE
"how many people died during pennsylvania flood
",31,CARDINAL
"how many people died during pennsylvania flood
",About two dozen,CARDINAL
"how many people died during pennsylvania flood
",77,CARDINAL
"how many people died during pennsylvania flood
",1936,DATE
"how many people died during pennsylvania flood
",Pennsylvania,GPE
"where are oregon pipe cactuses located in arizona
","Dec 19, 2022",DATE
"where are oregon pipe cactuses located in arizona
",Organ Pipe Cactus National Monument,ORG
"where are oregon pipe cactuses located in arizona
",International Biosphere Reserve,ORG
"where are oregon pipe cactuses located in arizona
",Organ Pipe Cactus National Monument,ORG
"where are oregon pipe cactuses located in arizona
",U.S.,GPE
"where are oregon pipe cactuses located in arizona
",UNESCO,ORG
"where are oregon pipe cactuses located in arizona
",Arizona,GPE
"where are oregon pipe cactuses located in arizona
","Dec 19, 2022",DATE
"where are oregon pipe cactuses located in arizona
",Arizona,GPE
"where are oregon pipe cactuses located in arizona
",Arizona,GPE
"where are oregon pipe cactuses located in arizona
",National Park Service Units,ORG
"where are oregon pipe cactuses located in arizona
",NPS,ORG
"where are oregon pipe cactuses located in arizona
",Roosevelt,PERSON
"where are oregon pipe cactuses located in arizona
",Organ Pipe Cactus National Monument,ORG
"where are oregon pipe cactuses located in arizona
","more than 330,000 acres",QUANTITY
"where are oregon pipe cactuses located in arizona
",the Sonoran Desert,LOC
"where are oregon pipe cactuses located in arizona
",Arizona,GPE
"where are oregon pipe cactuses located in arizona
","Dec 19, 2022",DATE
"where are oregon pipe cactuses located in arizona
",16.00,MONEY
"where are oregon pipe cactuses located in arizona
",Access Pass,ORG
"where are oregon pipe cactuses located in arizona
",50%,PERCENT
"organ pipe cactus what is the name of the desert
","Dec 19, 2022",DATE
"organ pipe cactus what is the name of the desert
",the Sonoran Desert,LOC
"organ pipe cactus what is the name of the desert
",Organ Pipe Cactus National Monument,ORG
"organ pipe cactus what is the name of the desert
",Organ Pipe Cactus National Monument,ORG
"organ pipe cactus what is the name of the desert
",U.S.,GPE
"organ pipe cactus what is the name of the desert
",UNESCO,ORG
"organ pipe cactus what is the name of the desert
",Arizona,GPE
"organ pipe cactus what is the name of the desert
","3, 2016",DATE
"organ pipe cactus what is the name of the desert
",Organ Pipe Cactus National Monument,ORG
"organ pipe cactus what is the name of the desert
",the United States,GPE
"organ pipe cactus what is the name of the desert
",the Sonoran Desert,LOC
"organ pipe cactus what is the name of the desert
",Jun,PERSON
"organ pipe cactus what is the name of the desert
","24, 2018 ... 1950",DATE
"organ pipe cactus what is the name of the desert
",Ajo Chamber of Commerce,ORG
"organ pipe cactus what is the name of the desert
",Organ Pipe's,PERSON
"organ pipe cactus what is the name of the desert
",Arizona,GPE
"organ pipe cactus what is the name of the desert
",Congress,ORG
"when was the last time this volcano erupted in new mexico
","23, 2016",DATE
"when was the last time this volcano erupted in new mexico
","roughly 56,000 to",CARDINAL
"when was the last time this volcano erupted in new mexico
","62,000 years ago",DATE
"when was the last time this volcano erupted in new mexico
",the Raton-Clayton,ORG
"when was the last time this volcano erupted in new mexico
","May 4, 2022",DATE
"when was the last time this volcano erupted in new mexico
",New Mexico,GPE
"when was the last time this volcano erupted in new mexico
",Mount Taylor,LOC
"when was the last time this volcano erupted in new mexico
",the Jemez Mountains,LOC
"when was the last time this volcano erupted in new mexico
",Albuquerque,PERSON
"when was the last time this volcano erupted in new mexico
",Capulin,PERSON
"when was the last time this volcano erupted in new mexico
",1000s of years,DATE
"when was the last time this volcano erupted in new mexico
",New Mexico,GPE
"when was the last time this volcano erupted in new mexico
","Mar 10, 2022",DATE
"when was the last time this volcano erupted in new mexico
",Capulin Volcano,PERSON
"when was the last time this volcano erupted in new mexico
","around 60,000 years ago",DATE
"when was the last time this volcano erupted in new mexico
",Capulin Volcano,PERSON
"when was the last time volcano capulin
","23, 2016",DATE
"when was the last time volcano capulin
","roughly 56,000 to",CARDINAL
"when was the last time volcano capulin
","62,000 years ago",DATE
"when was the last time volcano capulin
",the Raton-Clayton,ORG
"when was the last time volcano capulin
","Mar 10, 2022",DATE
"when was the last time volcano capulin
",Capulin,PERSON
"when was the last time volcano capulin
",1980,DATE
"when was the last time volcano capulin
","between 55,000 to 62,000 years ago",CARDINAL
"when was the last time volcano capulin
","20, 2020",DATE
"when was the last time volcano capulin
",today,DATE
"when was the last time volcano capulin
",Capulin Volcano,PERSON
"when was the last time volcano capulin
",only one,CARDINAL
"when was the last time volcano capulin
",Capulin,PERSON
"when was the last time volcano capulin
",Capulin,GPE
"when was the last time volcano capulin
","approximately 60,000 years ago",DATE
"what is the country is the roosevelt campobello in 
",two,CARDINAL
"what is the country is the roosevelt campobello in 
",Parks Canada,ORG
"what is the country is the roosevelt campobello in 
",the U.S. National Park Service,ORG
"what is the country is the roosevelt campobello in 
","Feb 19, 2016",DATE
"what is the country is the roosevelt campobello in 
",Roosevelt,PERSON
"what is the country is the roosevelt campobello in 
","Beloved Island"" Memorial",WORK_OF_ART
"what is the country is the roosevelt campobello in 
",many years,DATE
"what is the country is the roosevelt campobello in 
",Franklin D. Roosevelt,PERSON
"what is the country is the roosevelt campobello in 
",Campobello Island,LOC
"what is the country is the roosevelt campobello in 
",Roosevelt,PERSON
"what is the country is the roosevelt campobello in 
",two,CARDINAL
"what is the country is the roosevelt campobello in 
",Eleanor Roosevelt,PERSON
"what is the country is the roosevelt campobello in 
",the Roosevelt Cottage,GPE
"what is the country is the roosevelt campobello in 
",1962,DATE
"what is the country is the roosevelt campobello in 
",Roosevelt Campobello International Park,PERSON
"what is the country is the roosevelt campobello in 
",two,CARDINAL
"what is the country is the roosevelt campobello in 
",the summer of 1921,DATE
"what is the country is the roosevelt campobello in 
",Franklin,ORG
"what is the two particular species exist in Florida
","27, 2022",DATE
"what is the two particular species exist in Florida
",Florida,GPE
"what is the two particular species exist in Florida
",two,CARDINAL
"what is the two particular species exist in Florida
",Florida,GPE
"what is the two particular species exist in Florida
",two,CARDINAL
"what is the two particular species exist in Florida
","Jan 9, 2023",DATE
"what is the two particular species exist in Florida
",Thirty-nine,CARDINAL
"what is the two particular species exist in Florida
",Florida,GPE
"what is the two particular species exist in Florida
",Everglades,LOC
"what is the two particular species exist in Florida
",Two,CARDINAL
"how many students did gone to a all white school in Arkansas
","Jan 29, 2010",DATE
"how many students did gone to a all white school in Arkansas
",The Little Rock Nine,ORG
"how many students did gone to a all white school in Arkansas
",nine,CARDINAL
"how many students did gone to a all white school in Arkansas
",Central High School,ORG
"how many students did gone to a all white school in Arkansas
",Little Rock,GPE
"how many students did gone to a all white school in Arkansas
",Arkansas,GPE
"how many students did gone to a all white school in Arkansas
",African American,NORP
"how many students did gone to a all white school in Arkansas
",Little Rock Central High School,ORG
"how many students did gone to a all white school in Arkansas
",The Little Rock Nine,ORG
"how many students did gone to a all white school in Arkansas
",nine,CARDINAL
"how many students did gone to a all white school in Arkansas
",African American,NORP
"how many students did gone to a all white school in Arkansas
",Little Rock Central High School,ORG
"how many students did gone to a all white school in Arkansas
",1957,DATE
"how many students did gone to a all white school in Arkansas
","Nov 24, 2009",DATE
"how many students did gone to a all white school in Arkansas
",Nine,CARDINAL
"how many students did gone to a all white school in Arkansas
",Central High School,ORG
"how many students did gone to a all white school in Arkansas
",Little Rock,GPE
"how many students did gone to a all white school in Arkansas
",Arkansas,GPE
"how many students did gone to a all white school in Arkansas
","September 25, 1957",DATE
"how many students did gone to a all white school in Arkansas
",The Board of Education,ORG
"how many students did gone to a all white school in Arkansas
",the years,DATE
"how many students did gone to a all white school in Arkansas in 1957
","Jan 29, 2010",DATE
"how many students did gone to a all white school in Arkansas in 1957
",Brown,PERSON
"how many students did gone to a all white school in Arkansas in 1957
",Central High School,ORG
"how many students did gone to a all white school in Arkansas in 1957
",Little Rock,GPE
"how many students did gone to a all white school in Arkansas in 1957
",Arkansas,GPE
"how many students did gone to a all white school in Arkansas in 1957
",September 1957,DATE
"how many students did gone to a all white school in Arkansas in 1957
",The Little Rock Nine,ORG
"how many students did gone to a all white school in Arkansas in 1957
",nine,CARDINAL
"how many students did gone to a all white school in Arkansas in 1957
",African American,NORP
"how many students did gone to a all white school in Arkansas in 1957
",Little Rock Central High School,ORG
"how many students did gone to a all white school in Arkansas in 1957
",1957,DATE
"how many students did gone to a all white school in Arkansas in 1957
","Nov 24, 2009",DATE
"how many students did gone to a all white school in Arkansas in 1957
",Nine,CARDINAL
"how many students did gone to a all white school in Arkansas in 1957
",Central High School,ORG
"how many students did gone to a all white school in Arkansas in 1957
",Little Rock,GPE
"how many students did gone to a all white school in Arkansas in 1957
",Arkansas,GPE
"how many students did gone to a all white school in Arkansas in 1957
","September 25, 1957",DATE
"how many students did gone to a all white school in Arkansas in 1957
",the summer of 1957,DATE
"how many students did gone to a all white school in Arkansas in 1957
",the Little Rock Nine,ORG
"how many students did gone to a all white school in Arkansas in 1957
",Little Rock Central High School,ORG
"how many students did gone to a all white school in Arkansas in 1957
","Feb 1, 2023",DATE
"how many students did gone to a all white school in Arkansas in 1957
",Central High School,ORG
"how many students did gone to a all white school in Arkansas in 1957
",Little Rock,GPE
"how many students did gone to a all white school in Arkansas in 1957
",Arkansas,GPE
"how many students did gone to a all white school in Arkansas in 1957
",1957,DATE
"organ pipe cactus national monument 
","Dec 19, 2022",DATE
"organ pipe cactus national monument 
",Organ Pipe Cactus National Monument,ORG
"organ pipe cactus national monument 
",International Biosphere Reserve,ORG
"organ pipe cactus national monument 
",Organ Pipe Cactus National Monument,ORG
"organ pipe cactus national monument 
",U.S.,GPE
"organ pipe cactus national monument 
",UNESCO,ORG
"organ pipe cactus national monument 
",Arizona,GPE
"organ pipe cactus national monument 
","Dec 19, 2022",DATE
"organ pipe cactus national monument 
",16.00,MONEY
"organ pipe cactus national monument 
",Access Pass,ORG
"organ pipe cactus national monument 
",50%,PERCENT
"organ pipe cactus national monument 
",Roosevelt,PERSON
"organ pipe cactus national monument 
",Organ Pipe Cactus National Monument,ORG
"organ pipe cactus national monument 
","more than 330,000 acres",QUANTITY
"organ pipe cactus national monument 
",the Sonoran Desert,LOC
"organ pipe cactus national monument 
",Arizona,GPE
"organ pipe cactus national monument 
","Dec 19, 2022",DATE
"organ pipe cactus national monument 
","This 330,000 acre",QUANTITY
"organ pipe cactus national monument 
",1937,DATE
"organ pipe cactus national monument 
",Sonoran Desert,PERSON
"organ pipe cactus national monument 
",Organ Pipe Cactus National Monument...,ORG
"what arizona desert is  organ pipe cactus national monument in?
","Dec 19, 2022",DATE
"what arizona desert is  organ pipe cactus national monument in?
",the Sonoran Desert,LOC
"what arizona desert is  organ pipe cactus national monument in?
",thousands of years,DATE
"what arizona desert is  organ pipe cactus national monument in?
",Organ Pipe Cactus National Monument,ORG
"what arizona desert is  organ pipe cactus national monument in?
",U.S.,GPE
"what arizona desert is  organ pipe cactus national monument in?
",UNESCO,ORG
"what arizona desert is  organ pipe cactus national monument in?
",Arizona,GPE
"what arizona desert is  organ pipe cactus national monument in?
","Dec 19, 2022",DATE
"what arizona desert is  organ pipe cactus national monument in?
",Ajo,GPE
"what arizona desert is  organ pipe cactus national monument in?
",Arizona,GPE
"what arizona desert is  organ pipe cactus national monument in?
",45 minutes,TIME
"what arizona desert is  organ pipe cactus national monument in?
",33 miles,QUANTITY
"what arizona desert is  organ pipe cactus national monument in?
",Arizona Highway,FAC
"what arizona desert is  organ pipe cactus national monument in?
",2,CARDINAL
"what arizona desert is  organ pipe cactus national monument in?
",Roosevelt,PERSON
"what arizona desert is  organ pipe cactus national monument in?
",Organ Pipe Cactus National Monument,ORG
"what arizona desert is  organ pipe cactus national monument in?
","more than 330,000 acres",QUANTITY
"what arizona desert is  organ pipe cactus national monument in?
",the Sonoran Desert,LOC
"what arizona desert is  organ pipe cactus national monument in?
",Arizona,GPE
"what arizona desert is  organ pipe cactus national monument in?
","Dec 19, 2022",DATE
"what arizona desert is  organ pipe cactus national monument in?
",Arizona,GPE
"arizona desert with organ pipe cactus national monument
","Dec 19, 2022",DATE
"arizona desert with organ pipe cactus national monument
",the Sonoran Desert,LOC
"arizona desert with organ pipe cactus national monument
",thousands of years,DATE
"arizona desert with organ pipe cactus national monument
",Organ Pipe Cactus National Monument,ORG
"arizona desert with organ pipe cactus national monument
",U.S.,GPE
"arizona desert with organ pipe cactus national monument
",UNESCO,ORG
"arizona desert with organ pipe cactus national monument
",Arizona,GPE
"arizona desert with organ pipe cactus national monument
","Dec 19, 2022",DATE
"arizona desert with organ pipe cactus national monument
",Arizona,GPE
"arizona desert with organ pipe cactus national monument
",Roosevelt,PERSON
"arizona desert with organ pipe cactus national monument
",Organ Pipe Cactus National Monument,ORG
"arizona desert with organ pipe cactus national monument
","more than 330,000 acres",QUANTITY
"arizona desert with organ pipe cactus national monument
",the Sonoran Desert,LOC
"arizona desert with organ pipe cactus national monument
",Arizona,GPE
"arizona desert with organ pipe cactus national monument
","Dec 19, 2022",DATE
"what two species exist side by side in everglades national partk
","Dec 6, 2017",DATE
"what two species exist side by side in everglades national partk
",Capulin Volcano National Monument,ORG
"what two species exist side by side in everglades national partk
",two,CARDINAL
"what two species exist side by side in everglades national partk
",Everglades National Park,LOC
"what two species exist side by side in everglades national partk
",Florida,GPE
"what two species exist side by side in everglades national partk
","24, 2020",DATE
"what two species exist side by side in everglades national partk
",Florida,GPE
"what two species exist side by side in everglades national partk
",Crocodiles,PERSON
"what lives in everglades national park
",more than 40,CARDINAL
"what lives in everglades national park
",Ultimate Guide,ORG
"what lives in everglades national park
",American Crocodiles,ORG
"what lives in everglades national park
",More than 360,CARDINAL
"what lives in everglades national park
",Everglades National Park,LOC
"what lives in everglades national park
","May 5, 2021",DATE
"what lives in everglades national park
",American,NORP
"what lives in everglades national park
",Florida,GPE
"what lives in everglades national park
",West Indian,NORP
"when did the capulin volcano last erupt
","23, 2016",DATE
"when did the capulin volcano last erupt
","roughly 56,000 to",CARDINAL
"when did the capulin volcano last erupt
","62,000 years ago",DATE
"when did the capulin volcano last erupt
",the Raton-Clayton,ORG
"when did the capulin volcano last erupt
","Mar 10, 2022",DATE
"when did the capulin volcano last erupt
",Capulin Volcano,PERSON
"when did the capulin volcano last erupt
","more than 60,000 years ago",DATE
"when did the capulin volcano last erupt
","20, 2020",DATE
"when did the capulin volcano last erupt
",RCVF,ORG
"when did the capulin volcano last erupt
",approximately 9 million years ago,DATE
"when did the capulin volcano last erupt
",Capulin,PERSON
"when did the capulin volcano last erupt
","between 56,000 and 62,000 years ago",CARDINAL
"when did the capulin volcano last erupt
",Capulin,PERSON
"when did the capulin volcano last erupt
",Capulin,GPE
"when did the capulin volcano last erupt
","approximately 60,000 years ago",DATE
"when did the capulin volcano last erupt
",RCVF,ORG
"what country is the roosevelt campobello park in
",Roosevelt Campobello International Park,PERSON
"what country is the roosevelt campobello park in
","Feb 19, 2016",DATE
"what country is the roosevelt campobello park in
",Roosevelt,PERSON
"what country is the roosevelt campobello park in
","Beloved Island"" Memorial",WORK_OF_ART
"what country is the roosevelt campobello park in
",many years,DATE
"what country is the roosevelt campobello park in
",Franklin D. Roosevelt,PERSON
"what country is the roosevelt campobello park in
",Campobello Island,LOC
"what country is the roosevelt campobello park in
",Roosevelt Campobello International Park,PERSON
"what country is the roosevelt campobello park in
",summer,DATE
"what country is the roosevelt campobello park in
",Franklin D. Roosevelt,PERSON
"what country is the roosevelt campobello park in
",Eleanor Roosevelt,PERSON
"what country is the roosevelt campobello park in
",two,CARDINAL
"what country is the roosevelt campobello park in
",Roosevelt,PERSON
"what country is the roosevelt campobello park in
",two,CARDINAL
"what country is the roosevelt campobello park in
",Eleanor Roosevelt,PERSON
"what country is the roosevelt campobello park in
",the Roosevelt Cottage,GPE
"what country is the roosevelt campobello park in
",1962,DATE
"what event happened in 1859 between two countries 
",Opening,WORK_OF_ART
"what event happened in 1859 between two countries 
",China,GPE
"what event happened in 1859 between two countries 
",the Second Opium War,EVENT
"what event happened in 1859 between two countries 
",the United States,GPE
"what event happened in 1859 between two countries 
",the Treaty of Tianjin,ORG
"what event happened in 1859 between two countries 
",18571859,DATE
"what event happened in 1859 between two countries 
",the First Opium War,EVENT
"what event happened in 1859 between two countries 
",the 1840s,DATE
"what event happened in 1859 between two countries 
","Mar 14, 2012 ...",DATE
"what event happened in 1859 between two countries 
",Carrington,PERSON
"what event happened in 1859 between two countries 
",two,CARDINAL
"what event happened in 1859 between two countries 
",10,CARDINAL
"what event happened in 1859 between two countries 
",Franco-Austrian War,EVENT
"what event happened in 1859 between two countries 
",Napoleon III's,ORG
"what event happened in 1859 between two countries 
",France,GPE
"what event happened in 1859 between two countries 
",Piedmont-Sardinia,ORG
"what event happened in 1859 between two countries 
",Austria,GPE
"what event happened in 1859 between two countries 
",Earth,LOC
"what event happened in 1859 between two countries 
",September 23,DATE
"what event happened in 1859 between two countries 
",CME,ORG
"what event happened in 1859 between two countries 
",The Great Storm,ORG
"what event happened in 1859 between two countries 
",1859,DATE
"what event happened in 1859 between two countries 
","July 27, 1859",DATE
"what event happened in 1859 between two countries 
",the very day Pickett,DATE
"what event happened in 1859 between two countries 
",San Juan Islands,GPE
"places in pennsylvania to visit
",Philadelphia,GPE
"places in pennsylvania to visit
",Gettysburg,GPE
"places in pennsylvania to visit
",Pittsburgh,GPE
"places in pennsylvania to visit
",Hershey,GPE
"places in pennsylvania to visit
",Lancaster  Erie  Delaware Water Gap,GPE
"places in pennsylvania to visit
","Jan 11, 2023",DATE
"places in pennsylvania to visit
",Pennsylvania,GPE
"places in pennsylvania to visit
",1,CARDINAL
"places in pennsylvania to visit
",Poconos,GPE
"places in pennsylvania to visit
",2,CARDINAL
"places in pennsylvania to visit
",Easton,ORG
"places in pennsylvania to visit
",3,CARDINAL
"places in pennsylvania to visit
",4,CARDINAL
"places in pennsylvania to visit
",Crystal Cave  5,PRODUCT
"places in pennsylvania to visit
",Philadelphia,GPE
"places in pennsylvania to visit
",6,CARDINAL
"places in pennsylvania to visit
",The Brandywine Valley,LOC
"places in pennsylvania to visit
","Mar 21, 2023 ...",DATE
"places in pennsylvania to visit
",1,CARDINAL
"places in pennsylvania to visit
",Eastern State Penitentiary  2,ORG
"places in pennsylvania to visit
",Andy Warhol Museum,PERSON
"places in pennsylvania to visit
",3,CARDINAL
"places in pennsylvania to visit
",4,CARDINAL
"places in pennsylvania to visit
",Hersheypark,GPE
"places in pennsylvania to visit
",5,CARDINAL
"places in pennsylvania to visit
",Pennsylvania,GPE
"places in pennsylvania to visit
",6,CARDINAL
"places in pennsylvania to visit
",Gettysburg,GPE
"places in pennsylvania to visit
","Dec 17, 2022",DATE
"places in pennsylvania to visit
",10,CARDINAL
"places in pennsylvania to visit
",Pennsylvania,GPE
"places in pennsylvania to visit
",Ohiopyle State Park  8,PERSON
"places in pennsylvania to visit
",Delaware Water Gap  7,PERSON
"places in pennsylvania to visit
",Ricketts Glen,PERSON
"places in pennsylvania to visit
","22, 2022",DATE
"places in pennsylvania to visit
",16,CARDINAL
"places in pennsylvania to visit
",Top-Rated Tourist Attractions,ORG
"places in pennsylvania to visit
",Pennsylvania,GPE
"places in pennsylvania to visit
",1,CARDINAL
"places in pennsylvania to visit
",Independence National Park,ORG
"places in pennsylvania to visit
",the Liberty Bell,ORG
"places in pennsylvania to visit
",2,CARDINAL
"places in pennsylvania to visit
",Hershey Park  ,LOC
"places in pennsylvania to visit
",3,CARDINAL
"places in pennsylvania to visit
",Gettysburg National,ORG
"fun places to visit in pennsylvania
","Mar 21, 2023",DATE
"fun places to visit in pennsylvania
",One,CARDINAL
"fun places to visit in pennsylvania
",Pennsylvania,GPE
"fun places to visit in pennsylvania
",Independence National Historical Park,ORG
"fun places to visit in pennsylvania
",Liberty Bell,ORG
"fun places to visit in pennsylvania
","Rocky"" Statue and Steps  Hershey  Explore Gettysburg National Military Park  Randyland  Carnegie Science Museum  The Andy Warhol Museum  Eat",WORK_OF_ART
"fun places to visit in pennsylvania
",358,CARDINAL
"fun places to visit in pennsylvania
",Pennsylvania,GPE
"fun places to visit in pennsylvania
",Eastern State Penitentiary,LOC
"fun places to visit in pennsylvania
",Wagner Free Institute,ORG
"fun places to visit in pennsylvania
",Philadelphia,GPE
"fun places to visit in pennsylvania
",Gettysburg,GPE
"fun places to visit in pennsylvania
",Pittsburgh,GPE
"fun places to visit in pennsylvania
",Hershey,GPE
"fun places to visit in pennsylvania
",Lancaster  Erie  Delaware Water Gap,GPE
"fun places to visit in pennsylvania
","Jan 11, 2023",DATE
"fun places to visit in pennsylvania
",Pennsylvania,GPE
"fun places to visit in pennsylvania
",1,CARDINAL
"fun places to visit in pennsylvania
",Poconos,GPE
"fun places to visit in pennsylvania
",2,CARDINAL
"fun places to visit in pennsylvania
",Easton,ORG
"fun places to visit in pennsylvania
",3,CARDINAL
"fun places to visit in pennsylvania
",4,CARDINAL
"fun places to visit in pennsylvania
",Crystal Cave  5,PRODUCT
"fun places to visit in pennsylvania
",Philadelphia,GPE
"fun places to visit in pennsylvania
",6,CARDINAL
"fun places to visit in pennsylvania
",The Brandywine Valley,LOC
"coco movie
",2017,DATE
"coco movie
",American,NORP
"coco movie
",Pixar Animation Studios,ORG
"coco movie
",Walt Disney Pictures,ORG
"coco movie
",Lee Unkrich,PERSON
"coco movie
",Anthony Gonzalez,PERSON
"coco movie
",Gael Garca Bernal,PERSON
"coco movie
",Benjamin Bratt,PERSON
"coco movie
",Alanna Ubach,PERSON
"coco movie
",Miguel,PERSON
"coco movie
","27, 2017",DATE
"coco movie
",Disney/Pixar's,ORG
"coco movie
",Miguel,PERSON
"coco movie
",Anthony Gonzalez,PERSON
"coco movie
",Lee Unkrich,PERSON
"coco movie
",Miguel,PERSON
"what is the movie coco about
",2017,DATE
"what is the movie coco about
",American,NORP
"what is the movie coco about
",Pixar Animation Studios,ORG
"what is the movie coco about
",Walt Disney Pictures,ORG
"what is the movie coco about
","Nov 21, 2017",DATE
"what is the movie coco about
",Coco,WORK_OF_ART
"what is the movie coco about
",Miguel,PERSON
"what is the movie coco about
","Feb 18, 2023",DATE
"what is the movie coco about
",Coco,GPE
"what is the movie coco about
",Disney/Pixar,ORG
"what is the movie coco about
",the Day of the Dead,DATE
"what is the movie coco about
","27, 2017",DATE
"what is the movie coco about
",Disney/Pixar's,ORG
"what is the movie coco about
",Miguel,PERSON
"what is the movie coco about
",Anthony Gonzalez,PERSON
"cool facts about Hawaii
",10,CARDINAL
"cool facts about Hawaii
",1,CARDINAL
"cool facts about Hawaii
",Mauna Kea,PERSON
"cool facts about Hawaii
",2,CARDINAL
"cool facts about Hawaii
",3,CARDINAL
"cool facts about Hawaii
",10,CARDINAL
"cool facts about Hawaii
",Hawaii,GPE
"cool facts about Hawaii
",English,LANGUAGE
"cool facts about Hawaii
",Hawaiian,NORP
"cool facts about Hawaii
",Hawaii,GPE
"cool facts about Hawaii
",Hawaii,GPE
"cool facts about Hawaii
",Earth,LOC
"cool facts about Hawaii
","Jan 14, 2022 ...",DATE
"cool facts about Hawaii
",Hawaii,GPE
"cool facts about Hawaii
",second,ORDINAL
"cool facts about Hawaii
",U.S,GPE
"cool facts about Hawaii
",Hawaiian,NORP
"cool facts about Hawaii
",second,ORDINAL
"cool facts about Hawaii
",1,CARDINAL
"cool facts about Hawaii
",Hawaii,GPE
"cool facts about Hawaii
",2.,CARDINAL
"cool facts about Hawaii
",3,CARDINAL
"cool facts about Hawaii
",Maui,LOC
"cool facts about Hawaii
",Mount Haleakala,LOC
"cool facts about Hawaii
",Hawaii,GPE
"cool facts about Hawaii
",first,ORDINAL
"cool facts about Hawaii
",Hawaii,GPE
"cool facts about Hawaii
",the Aloha State,FAC
"picture of a river
",40000,CARDINAL
"picture of a river
",+ River,LOC
"picture of a river
",Thousands,CARDINAL
"picture of a river
","50,533",CARDINAL
"picture of a river
",River,LOC
"picture of a river
",iStock,ORG
"what habitat does an Aardvark live in
","Jun 29, 2016",PERSON
"what habitat does an Aardvark live in
",Africa,LOC
"what habitat does an Aardvark live in
",Tubulidentata,PERSON
"what habitat does an Aardvark live in
",Orycteropus,ORG
"what habitat does an Aardvark live in
",African,NORP
"what habitat does an Aardvark live in
",the Sahara Desert,LOC
"fart noises
","Nov 22, 2017 ...",DATE
"fart noises
",Download FREE Fart,ORG
"fart noises
",170,CARDINAL
"fart noises
","17, 2016",DATE
"fart noises
",Fart,GPE
"fart noises
",App,PERSON
"fart noises
","Dec 10, 2020",DATE
"fart noises
","18, 2019",DATE
"fart noises
",3 Hours,TIME
"fart noises
",3 HOURS of Gentle Night RAIN,TIME
"fart noises
",Rain Sounds for Relaxing Sleep,ORG
"what is the movie leap about
","25, 2017",DATE
"what is the movie leap about
",Brittany,PERSON
"what is the movie leap about
",Paris,GPE
"what is the movie leap about
",almost 150 years ago,DATE
"what is the movie leap about
",1879,DATE
"what is the movie leap about
",Paris,GPE
"what is the movie leap about
","Mar 5, 2023",DATE
"what is the movie leap about
",Leap!,FAC
"what is the movie leap about
",1879,DATE
"what is the movie leap about
",Paris,GPE
"what is the movie leap about
",Felicie,ORG
"what is the movie leap about
",Brittany,PERSON
"what is the movie leap about
",Paris,GPE
"what is the movie leap about
",Ballerina,GPE
"what is the movie leap about
",Leap!,WORK_OF_ART
"what is the movie leap about
",the United States,GPE
"what is the movie leap about
",2016,DATE
"what is the movie leap about
",Summer,DATE
"what habitat do platypus live in
","29, 2016",DATE
"what habitat do platypus live in
",Habitat,ORG
"what habitat do platypus live in
",Australia,GPE
"what habitat do platypus live in
",Queensland,GPE
"what habitat do platypus live in
",Tasmania,GPE
"what habitat do platypus live in
",Australian,NORP
"what habitat do platypus live in
",31,DATE
"what habitat do platypus live in
",2021,DATE
"what habitat do platypus live in
",Australia,GPE
"what habitat do platypus live in
",Eastern,NORP
"what habitat do platypus live in
",Southeastern,ORG
"what habitat do platypus live in
",Australia,GPE
"what habitat do platypus live in
",Tasmania,GPE
"what habitat do platypus live in
",Flinders,ORG
"what habitat do platypus live in
",King Islands,LOC
"what habitat do platypus live in
",the Safari Park's,LOC
"what is minecraft
",day,DATE
"what is minecraft
","Mar 10, 2022",DATE
"what is minecraft
",Minecraft,PERSON
"what is minecraft
",Buy Minecraft,PERSON
"what is minecraft
",Java & Bedrock Edition,ORG
"what is minecraft
",Java,PERSON
"what is minecraft
",Mojang Studios,ORG
"what is minecraft
","Markus ""Notch"" Persson in the",PERSON
"what is minecraft
",Java,PERSON
"leap movie
",Ballerina,GPE
"leap movie
",Leap!,WORK_OF_ART
"leap movie
",the United States,GPE
"leap movie
",2016,DATE
"leap movie
",Summer,DATE
"leap movie
",1879,DATE
"leap movie
",Paris,GPE
"leap movie
",Chinese,NORP
"leap movie
",2020,DATE
"leap movie
",Peter Chan,PERSON
"leap movie
",Gong Li,PERSON
"leap movie
",Huang Bo,PERSON
"leap movie
",China,GPE
"leap movie
",the Paris Opera,ORG
"leap movie
",Nutcracker,ORG
"leap movie
",European,NORP
"leap movie
","February 21, 2019",DATE
"leap movie
",Rating,ORG
"leap movie
",4/10,CARDINAL
"platapus libes in
","March 15, 2018",DATE
"platapus libes in
",Australia,GPE
"platapus libes in
",Australian,NORP
"platapus libes in
","Mar 21, 2018",DATE
"platapus libes in
",Tasmania,GPE
"platapus libes in
",Australian,NORP
"platapus libes in
",Brisbane,GPE
"platapus libes in
",Australia,GPE
"platapus libes in
",21288,DATE
"platapus libes in
",45,CARDINAL
"platapus libes in
",Australia,GPE
"platapus libes in
",1898,DATE
"platapus libes in
",the mating season,DATE
"platapus libes in
",about 30 cm,QUANTITY
"platapus libes in
",12,CARDINAL
"whit is the move leap 
",Move Ahead WA,PERSON
"whit is the move leap 
",Amendment & Other,ORG
"whit is the move leap 
",LEAP,ORG
"whit is the move leap 
",Summer 2023,DATE
"whit is the move leap 
",LEAP,ORG
"whit is the move leap 
",Leap Year: Directed,EVENT
"whit is the move leap 
",Anand Tucker,PERSON
"whit is the move leap 
",Amy Adams,PERSON
"whit is the move leap 
",Matthew Goode,PERSON
"whit is the move leap 
",Adam Scott,PERSON
"whit is the move leap 
",John Lithgow,PERSON
"whit is the move leap 
",Anna Brady,PERSON
"whit is the move leap 
",Dublin,GPE
"whit is the move leap 
",Ireland,GPE
"whit is the move leap 
",The Landlord Engagement,ORG
"whit is the move leap 
",Assistance Program,ORG
"whit is the move leap 
",LEAP,ORG
"whit is the move leap 
",the City of San Diego,GPE
"whit is the move leap 
",San...,GPE
"whit is the move leap 
",1879,DATE
"whit is the move leap 
",Paris,GPE
"what kind of habitat do platypus live in
","29, 2016",DATE
"what kind of habitat do platypus live in
",Queensland,GPE
"what kind of habitat do platypus live in
",the Great Dividing Range,EVENT
"what kind of habitat do platypus live in
",north Queensland,GPE
"what kind of habitat do platypus live in
",90,CARDINAL
"what kind of habitat do platypus live in
",31,DATE
"what kind of habitat do platypus live in
",2021,DATE
"what kind of habitat do platypus live in
",Australia,GPE
"what kind of habitat do platypus live in
",Eastern,NORP
"what kind of habitat do platypus live in
",Southeastern,ORG
"what kind of habitat do platypus live in
",Australia,GPE
"what kind of habitat do platypus live in
",Tasmania,GPE
"what kind of habitat do platypus live in
",Flinders,ORG
"what kind of habitat do platypus live in
",King Islands,LOC
"what kind of habitat do platypus live in
","Jan 20, 2023",DATE
"what kind of habitat do platypus live in
",up to two minutes,TIME
"xmission
",10Gbps,CARDINAL
"xmission
",Utah,GPE
"xmission
",48,MONEY
"xmission
",XMission,ORG
"xmission
",first,ORDINAL
"xmission
",ISP,ORG
"xmission
",Utah,GPE
"xmission
",United States,GPE
"xmission
",late 1993,DATE
"xmission
",Pete,PERSON
"xmission
",XMission,ORG
"xmission
",Control Panel Login,ORG
"xmission
","Mar 20, 2023",DATE
"xmission
",XMission Support Wiki,PERSON
"xmission
",XMission,ORG
"minecraft videos
","Mar 4, 2023",DATE
"minecraft videos
",Minecraft,ORG
"minecraft videos
",YouTube,ORG
"minecraft videos
",Mojang Studios Games,ORG
"minecraft videos
","May 2, 2023",DATE
"minecraft videos
",Minecraft Hour,WORK_OF_ART
"minecraft videos
",Minecraft Education,ORG
"minecraft videos
","Feb 18, 2023",DATE
"google earth
",Google Earth,LOC
"google earth
",hundreds,CARDINAL
"google earth
",hundreds,CARDINAL
"google earth
",Google Earth,ORG
"google earth
",Chrome,PERSON
"google earth
",seconds,TIME
"google earth
",hundreds,CARDINAL
"google earth
",hundreds,CARDINAL
"dog names from where the red fern grows
",Billy Coleman,PERSON
"dog names from where the red fern grows
",ten-year-old,DATE
"dog names from where the red fern grows
",the Ozark Mountains,LOC
"dog names from where the red fern grows
",Oklahoma,GPE
"dog names from where the red fern grows
",Dan,PERSON
"dog names from where the red fern grows
",Billy,PERSON
"dog names from where the red fern grows
",Billy,PERSON
"dog names from where the red fern grows
",Billy,PERSON
"dog names from where the red fern grows
",two,CARDINAL
"dog names from where the red fern grows
",Little Ann,PERSON
"dog names from where the red fern grows
","May 25, 2022",DATE
"dog names from where the red fern grows
",first,ORDINAL
"dog names from where the red fern grows
",Billy,PERSON
"dog names from where the red fern grows
",Where The Red Fern Grows,WORK_OF_ART
"dog names from where the red fern grows
",Wilson Rawls,PERSON
"dog names from where the red fern grows
",Billy,PERSON
"dog names from where the red fern grows
",50.00,MONEY
"dog names from where the red fern grows
",two years,DATE
"dog names from where the red fern grows
",two,CARDINAL
"dog names from where the red fern grows
",Billy,PERSON
"dog names from where the red fern grows
","Feb 16, 2018",DATE
"dog names from where the red fern grows
",Dan,PERSON
"dog names from where the red fern grows
",Little Ann,PERSON
"dog names from where the red fern grows
",the Redbone Coonhound,ORG
"who is the mayor of boise idaho
",Lauren McLean,PERSON
"who is the mayor of boise idaho
",Lauren Stein McLean,PERSON
"who is the mayor of boise idaho
","October 20, 1974",DATE
"who is the mayor of boise idaho
",American,NORP
"who is the mayor of boise idaho
",Boise,GPE
"who is the mayor of boise idaho
",Idaho,GPE
"who is the mayor of boise idaho
",McLean,PERSON
"who is the mayor of boise idaho
",Lauren McLean,PERSON
"who is the mayor of boise idaho
","January 7, 2020",DATE
"who is the mayor of boise idaho
",21st-century,DATE
"who is the mayor of boise idaho
",Lauren McLean,PERSON
"who is the mayor of boise idaho
",2019,DATE
"who is the mayor of boise idaho
",Boise,GPE
"who is the mayor of boise idaho
",November 2023,DATE
"who is the mayor of boise idaho
","Mar 7, 2022",DATE
"who is the mayor of boise idaho
",Lauren McLean,PERSON
"who is the mayor of boise idaho
",Boise,GPE
"who is the mayor of boise idaho
",Idaho,GPE
"garfield elementary school web page
",Garfield Elementary,PERSON
"garfield elementary school web page
",K-6,PERSON
"garfield elementary school web page
",Spokane Public Schools,ORG
"garfield elementary school web page
",second,ORDINAL
"garfield elementary school web page
",Washington,GPE
"garfield elementary school web page
",Title 1 Program,LAW
"garfield elementary school web page
",Garfield Faculty & Staff,ORG
"garfield elementary school web page
",2022-23,DATE
"garfield elementary school web page
",Home Access Center,ORG
"garfield elementary school web page
",Garfield Elementary,PERSON
"garfield elementary school web page
",Accelerated Reader  Federal Report Card  School Report Card  Library  Cyber Safety  PISD Home Page,ORG
"garfield elementary school web page
",Garfield Elementary School - Updates,PERSON
"garfield elementary school web page
",June - 3rd,DATE
"garfield elementary school web page
",12:10-3:10,DATE
"garfield elementary school web page
",Monday,DATE
"garfield elementary school web page
",Wednesday - 2nd,DATE
"garfield elementary school web page
",Tuesday,DATE
"garfield elementary school web page
",Thursday - 4th,DATE
"bumblebee
",18,CARDINAL
"bumblebee
",Charlie Watson,PERSON
"bumblebee
",Bumblebee,PERSON
"bumblebee
",Travis Knight,PERSON
"bumblebee
",over 250,CARDINAL
"bumblebee
",Bombus,GPE
"bumblebee
",Apidae,GPE
"bumblebee
",one,CARDINAL
"bumblebee
",Bumblebee,ORG
"bumblebee
",2018,DATE
"bumblebee
",sixth,ORDINAL
"bumblebee
",the year 1987,DATE
"bumblebee
",Bumblebee,PERSON
"bumblebee
",Autobot,PERSON
"bumblebee
",California,GPE
"bumblebee
",Charlie,PERSON
"bumblebee
",18 years old,DATE
"transformers
",Beasts,NORP
"transformers
",June 09 2023,DATE
"transformers
",Paramount Pictures,ORG
"transformers
",27,CARDINAL
"transformers
",2023,DATE
"transformers
",EXCLUSIVE,WORK_OF_ART
"transformers
",Michael Bay,PERSON
"transformers
",Shia LaBeouf,PERSON
"transformers
",Megan Fox,PERSON
"transformers
",Josh Duhamel,PERSON
"transformers
",Tyrese Gibson,PERSON
"transformers
",between two,CARDINAL
"transformers
",Cybertronian,NORP
"transformers
",Transformers,ORG
"transformers
",the 1980s,DATE
"transformers
",Michael Bay,PERSON
"transformers
",first,ORDINAL
"transformers
",five,CARDINAL
"garfield elementary website
",Garfield Elementary,PERSON
"garfield elementary website
",K-6,PERSON
"garfield elementary website
",Spokane Public Schools,ORG
"garfield elementary website
",second,ORDINAL
"garfield elementary website
",Washington,GPE
"garfield elementary website
",Garfield,PERSON
"garfield elementary website
",22,CARDINAL
"garfield elementary website
",Buchanan Area Schools,PERSON
"garfield elementary website
",Accelerated Reader  Federal Report Card  School Report Card  Library  Cyber Safety  PISD Home Page,ORG
"garfield elementary website
",The Smarter Balanced Assessment,PERSON
"garfield elementary website
",SBA,ORG
"garfield elementary website
",Washington Comprehensive Assessment of Science,ORG
"Boise Idaho Garfield Elementary 
",1914,DATE
"Boise Idaho Garfield Elementary 
",Boise,GPE
"Boise Idaho Garfield Elementary 
",83706,DATE
"Boise Idaho Garfield Elementary 
",School Logo,PERSON
"Boise Idaho Garfield Elementary 
",Garfield Elementary School,PERSON
"Boise Idaho Garfield Elementary 
",Garfield School,ORG
"Boise Idaho Garfield Elementary 
",Boise,GPE
"Boise Idaho Garfield Elementary 
",Idaho,GPE
"Boise Idaho Garfield Elementary 
",2,CARDINAL
"Boise Idaho Garfield Elementary 
",Tourtellotte & Hummel,ORG
"Boise Idaho Garfield Elementary 
",1929,DATE
"Boise Idaho Garfield Elementary 
",1914,CARDINAL
"Boise Idaho Garfield Elementary 
",S. Broadway Ave,PERSON
"Boise Idaho Garfield Elementary 
",Boise,GPE
"Boise Idaho Garfield Elementary 
",83706,DATE
"Boise Idaho Garfield Elementary 
",School Logo,PERSON
"Boise Idaho Garfield Elementary 
",last year,DATE
"Boise Idaho Garfield Elementary 
",Garfield Elementary School,ORG
"Boise Idaho Garfield Elementary 
",272,CARDINAL
"Boise Idaho Garfield Elementary 
",Garfield Elementary School,ORG
"Boise Idaho Garfield Elementary 
",26%,PERCENT
"Boise Idaho Garfield Elementary calendar
",1914,DATE
"Boise Idaho Garfield Elementary calendar
",Boise,GPE
"Boise Idaho Garfield Elementary calendar
",83706,DATE
"Boise Idaho Garfield Elementary calendar
",School Logo,PERSON
"Boise Idaho Garfield Elementary calendar
",Garfield Elementary School,PERSON
"Boise Idaho Garfield Elementary calendar
",Boise School District,ORG
"Boise Idaho Garfield Elementary calendar
",1914,DATE
"Boise Idaho Garfield Elementary calendar
",Boise,GPE
"Boise Idaho Garfield Elementary calendar
",83706,DATE
"Boise Idaho Garfield Elementary calendar
",School Logo,PERSON
"Boise Idaho Garfield Elementary calendar
",Garfield Elementary School,PERSON
"Boise Idaho Garfield Elementary calendar
",School Start & Release Times,ORG
"Boise Idaho Garfield Elementary calendar
",Standard Elementary Schedule,PERSON
"Boise Idaho Garfield Elementary calendar
",Normal Schedule,PERSON
"Boise Idaho Garfield Elementary calendar
",Grades K - 6,PERSON
"Boise Idaho Garfield Elementary calendar
",Lowell Elementary School / Calendars,ORG
"Boise Idaho Garfield Elementary calendar
",Boise,GPE
"Boise Idaho Garfield Elementary calendar
",83703,DATE
"Boise Idaho Garfield Elementary calendar
",Phone 208-854-5480,PRODUCT
"Boise Idaho Garfield Elementary calendar
",School Logo...,PERSON
"Sierra Powell born november 10 2006
",Jack Palance,PERSON
"Sierra Powell born november 10 2006
",Volodymyr Palahniuk,PERSON
"Sierra Powell born november 10 2006
",Ukrainian,NORP
"Sierra Powell born november 10 2006
","February 18, 1919  ",DATE
"Sierra Powell born november 10 2006
","November 10, 2006",DATE
"Sierra Powell born november 10 2006
",American,NORP
"Sierra Powell born november 10 2006
","Nov 1, 2018",DATE
"Sierra Powell born november 10 2006
",1/31/2006,DATE
"Sierra Powell born november 10 2006
",2938-S. 7/10/2000,DATE
"Sierra Powell born november 10 2006
",9/30/2019,DATE
"Sierra Powell born november 10 2006
",2020,DATE
"Sierra Powell born november 10 2006
",Baker,PERSON
"Sierra Powell born november 10 2006
",Sierra,ORG
"Sierra Powell born november 10 2006
",Sierra,ORG
"Sierra Powell born november 10 2006
",6457-S. 5/30/2013,DATE
"Sierra Powell born november 10 2006
",9/30/2019,DATE
"Sierra Powell born november 10 2006
",Powell,PERSON
"Sierra Powell born november 10 2006
",Ronald,PERSON
"Sierra Powell born november 10 2006
",Tina,GPE
"Sierra Powell born november 10 2006
",11,CARDINAL
"Sierra Powell born november 10 2006
",Sierra,ORG
"Sierra Powell born november 10 2006
",Audrey Ann-Janette Pena,PERSON
"Sierra Powell born november 10 2006
","April 7, 2006",DATE
"Sierra Powell born november 10 2006
",6,CARDINAL
"Sierra Powell born november 10 2006
",10,CARDINAL
"Sierra Powell born november 10 2006
","Sunday, Nov. 17 2013",DATE
"Sierra Powell born november 10 2006
","Wednesday, April 10 2013 ...",DATE
"Sierra Powell born november 10 2006
","Wednesday, Nov. 10 2010",DATE
"Sierra Powell born november 10 2006
",Analeigh,NORP
"Sierra Powell born november 10 2006
","Tuesday, Nov. 10 2009",DATE
"Sierra Powell born november 10 2006
",Streeter,PERSON
"Sierra Powell born november 10 2006
",Joshua,PERSON
"Sierra Powell born november 10 2006
",2006,DATE
"Sierra Powell born november 10 2006
",The National Museum of the Marine Corps,ORG
"Sierra Powell born november 10 2006
",Quantico,GPE
"Sierra Powell born november 10 2006
",Virginia,GPE
"Sierra Powell born november 10 2006
",U.S.,GPE
"Sierra Powell born november 10 2006
",George W. Bush,PERSON
"Sierra Powell born november 10 2006
",Marine,NORP
"pax from the book pax
",Sara Pennypacker,PERSON
"pax from the book pax
","29, 2016",DATE
"pax from the book pax
",Sara Pennypacker,PERSON
"pax from the book pax
",Peter,PERSON
"pax from the book pax
",12-year-old,DATE
"pax from the book pax
",Sara Pennypacker,PERSON
"pax from the book pax
",Clementine,GPE
"pax from the book pax
",Summer,PERSON
"pax from the book pax
",the Gypsy Moths,LOC
"pax from the book pax
",The Talented Clementine,ORG
"pax from the book pax
",Clementines Letter,ORG
"pax from the book pax
",Clementine Friend,PERSON
"how much money does a hoverboard cost
","Dec 4, 2022",DATE
"how much money does a hoverboard cost
",between $300 and $600,MONEY
"how much money does a hoverboard cost
",Blast Electric Self-Balancing Hoverboard,ORG
"how much money does a hoverboard cost
","Nov 25, 2019 ...",DATE
"how much money does a hoverboard cost
",$100 to $250,MONEY
"how much money does a hoverboard cost
",around $800,MONEY
"how much money does a hoverboard cost
",2020,DATE
"how much money does a hoverboard cost
",as low as $79.99,MONEY
"how much money does a hoverboard cost
",84.99,MONEY
"how much money does a hoverboard cost
",as high as $400,MONEY
"recipe for making salsa
","Nov 16, 2011",DATE
"recipe for making salsa
",2,CARDINAL
"recipe for making salsa
",2,CARDINAL
"recipe for making salsa
","Mar 13, 2023",DATE
"recipe for making salsa
",1/2 cup,QUANTITY
"recipe for making salsa
",1,CARDINAL
"recipe for making salsa
",1/2,CARDINAL
"recipe for making salsa
","13, 2022",DATE
"recipe for making salsa
",1 1/2 pounds,QUANTITY
"recipe for making salsa
",Roma,GPE
"recipe for making salsa
",1/2,CARDINAL
"what happened on october 10 2006
","10, 2006",DATE
"what happened on october 10 2006
",2006,DATE
"what happened on october 10 2006
",Steve Irwin Killed,PERSON
"what happened on october 10 2006
",October 10,DATE
"what happened on october 10 2006
",Chiantla,ORG
"what happened on october 10 2006
",Guatemala,GPE
"what happened on october 10 2006
",42,CARDINAL
"what happened on october 10 2006
",10,CARDINAL
"what happened on october 10 2006
",twenty-four hours,TIME
"what happened on october 10 2006
",sixty,CARDINAL
"what happened on october 10 2006
",Baghdad,GPE
"what happened on october 10 2006
",Iraq,GPE
"what happened on october 10 2006
","Dec 10, 2007",DATE
"what happened on october 10 2006
","October 10, 2006",DATE
"what happened on october 10 2006
",40-year-old,DATE
"what happened on october 10 2006
",Fire Fighter,PERSON
"what happened on october 10 2006
",two,CARDINAL
"pictures of places in italy
","15, 2020",DATE
"pictures of places in italy
",Italy,GPE
"pictures of places in italy
",Pictures,GPE
"pictures of places in italy
",15,CARDINAL
"pictures of places in italy
",Photograph,PRODUCT
"pictures of places in italy
",1,CARDINAL
"pictures of places in italy
",Venice,GPE
"pictures of places in italy
",2,CARDINAL
"pictures of places in italy
",Colosseum,ORG
"pictures of places in italy
",Rome,GPE
"pictures of places in italy
",Como,ORG
"pictures of places in italy
",5,CARDINAL
"pictures of places in italy
",Amalfi Coast  6,LOC
"pictures of places in italy
","Mar 11, 2023",DATE
"pictures of places in italy
",20,CARDINAL
"pictures of places in italy
",Florence,GPE
"pictures of places in italy
",Rome,GPE
"pictures of places in italy
",Venice,GPE
"pictures of places in italy
",Amalfi Coast,LOC
"pictures of places in italy
",Italy,GPE
"pictures of places in italy
","Jul 2,",PERSON
"pictures of places in italy
",2021,DATE
"pictures of places in italy
",Italy,GPE
"pictures of places in italy
",a holiday,DATE
"pictures of places in italy
",Italy,GPE
"pictures of places in italy
",Sorrento,GPE
"pictures of places in italy
",Venice,GPE
"pictures of places in italy
",Rome,GPE
"pictures of places in italy
",hundreds,CARDINAL
"pictures of places in italy
",Italy,GPE
"pictures of places in italy
",Italy,GPE
"pictures of places in italy
",Unsplash,GPE
"pictures of places in italy
","Dec 6, 2017",DATE
"pictures of places in italy
",7,CARDINAL
"pictures of places in italy
",Italy,GPE
"pictures of places in italy
",1,CARDINAL
"pictures of places in italy
",Santa Maria del Fiore Cathedral,PERSON
"is jump time open on weekends
",Jump Time,PERSON
"is jump time open on weekends
",the Treasure Valley,LOC
"is jump time open on weekends
",20%,PERCENT
"is jump time open on weekends
",Flight Tickets  Ends,PRODUCT
"is jump time open on weekends
",Sunday,DATE
"is jump time open on weekends
",Knoxville,GPE
"is jump time open on weekends
",Fridays and,DATE
"is jump time open on weekends
",Saturdays,DATE
"is jump time open on weekends
",Reserve Jump Time,PERSON
"is jump time open on weekends
",First,ORDINAL
"is jump time open on weekends
",3:45a-10:20p weekdays,DATE
"is jump time open on weekends
",4:55a-9:00p,QUANTITY
"is jump time open on weekends
","Saturday, 5:35a-8:20p Sunday",DATE
"is jump time open on weekends
",Memberships,ORG
"is jump time open on weekends
",a Sky Zone Membership,ORG
"is jump time open on weekends
",Saturday,DATE
"is jump time open on weekends
",Jump & Glow 7:00pm-10:00pm,ORG
"is jump time open on weekends
",Monday,DATE
"is jump time open on weekends
",Thursday,DATE
"is jump time open on weekends
",1 hour,TIME
"is jump time open on weekends
",Bounce,GPE
"is jump time open on weekends
",the second hour,TIME
"how much does legos cost
",25,MONEY
"how much does legos cost
",100,MONEY
"how much does legos cost
",Us,GPE
"how much does legos cost
",Support  Attractions,ORG
"how much does legos cost
","4, 2014",DATE
"how much does legos cost
",one,CARDINAL
"how much does legos cost
",Lego,PERSON
"how much does legos cost
",10.4 cents,MONEY
"how much does legos cost
","Mar 23, 2022",DATE
"how much does legos cost
",between $.10,MONEY
"how much does legos cost
",Brick Finds & Flips,ORG
"how much does legos cost
","Mar 8, 2022",DATE
"how much does legos cost
",ten,CARDINAL
"how much does legos cost
",Jul 11,LAW
"how much does legos cost
",2022,DATE
"how much does legos cost
",Lego,ORG
"how much does legos cost
","Lego Ideas, Star Wars",ORG
"how much does legos cost
",Harry Potter,PERSON
"how much does legos cost
",Nintendo,ORG
"pics of canada
","May 18, 2023",DATE
"pics of canada
",Canadian,NORP
"pics of canada
",May 29,DATE
"pics of canada
",Allen,PERSON
"pics of canada
",Geological Net Zero,ORG
"pics of canada
",3000,CARDINAL
"pics of canada
",Canada,GPE
"pics of canada
",Thousands,CARDINAL
"pics of canada
",Progressive Intercultural Community Services,ORG
"pics of canada
",Society,ORG
"pics of canada
",Employment Programs,ORG
"garfield elementary school district
",Garfield School,PERSON
"garfield elementary school district
",District Home,ORG
"garfield elementary school district
",Garfield Elementary,PERSON
"garfield elementary school district
",Elementary Health & Physical,ORG
"garfield elementary school district
",the Garfield School District Teachers,ORG
"garfield elementary school district
",Garfield Elementary,PERSON
"garfield elementary school district
",Garfield Elementary,PERSON
"garfield elementary school district
",CDS Code,ORG
"garfield elementary school district
",6007892,DATE
"garfield elementary school district
",School Address,ORG
"garfield elementary school district
",Freshwater Rd,PERSON
"garfield elementary school district
",Garfield Elementary School,ORG
"garfield elementary school district
",eighth,CARDINAL
"garfield elementary school district
",Alhambra,GPE
"garfield elementary school district
",California,GPE
"garfield elementary school district boise idaho
",1914,DATE
"garfield elementary school district boise idaho
",Boise,GPE
"garfield elementary school district boise idaho
",83706,DATE
"garfield elementary school district boise idaho
",School Logo,PERSON
"garfield elementary school district boise idaho
",Garfield Elementary School,PERSON
"garfield elementary school district boise idaho
",Garfield Elementary School,PERSON
"garfield elementary school district boise idaho
",Boise,GPE
"garfield elementary school district boise idaho
",Idaho,GPE
"garfield elementary school district boise idaho
",Garfield Elementary School,ORG
"garfield elementary school district boise idaho
",Boise School District,ORG
"garfield elementary school district boise idaho
",Garfield School,ORG
"garfield elementary school district boise idaho
",Boise,GPE
"garfield elementary school district boise idaho
",Idaho,GPE
"garfield elementary school district boise idaho
",2,CARDINAL
"garfield elementary school district boise idaho
",Tourtellotte & Hummel,ORG
"garfield elementary school district boise idaho
",1929,DATE
"garfield elementary school district boise idaho
",1914,DATE
"garfield elementary school district boise idaho
",AVENUE BOISE,ORG
"garfield elementary school district boise idaho
",Google Maps  Region,ORG
"garfield elementary school district boise idaho
",208,CARDINAL
"garfield elementary school district boise idaho
",854-4950,CARDINAL
"garfield school district calendar
",Garfield School,ORG
"garfield school district calendar
",16~,CARDINAL
"garfield school district calendar
",Martin Luther King Birthday,PERSON
"garfield school district calendar
",10-14,CARDINAL
"garfield school district calendar
",S. M. Tu,PERSON
"garfield school district calendar
",W. Th.,PERSON
"garfield school district calendar
",F. S. 1,PERSON
"garfield school district calendar
",2,CARDINAL
"garfield school district calendar
",3,CARDINAL
"garfield school district calendar
",4,CARDINAL
"garfield school district calendar
",5,CARDINAL
"garfield school district calendar
",6,CARDINAL
"garfield school district calendar
",7,CARDINAL
"garfield school district calendar
",8,CARDINAL
"garfield school district calendar
",9,CARDINAL
"garfield school district calendar
",10,CARDINAL
"garfield school district calendar
",11,CARDINAL
"garfield school district calendar
",12,CARDINAL
"garfield school district calendar
",13,CARDINAL
"garfield school district calendar
",14,CARDINAL
"garfield school district calendar
",15,CARDINAL
"garfield school district calendar
",16,CARDINAL
"garfield school district calendar
",17,CARDINAL
"garfield school district calendar
",18,CARDINAL
"garfield school district calendar
",19,CARDINAL
"garfield school district calendar
",20,CARDINAL
"garfield school district calendar
",21,CARDINAL
"garfield school district calendar
",22,CARDINAL
"garfield school district calendar
",23,CARDINAL
"garfield school district calendar
",24,CARDINAL
"garfield school district calendar
",25,CARDINAL
"garfield school district calendar
",26,CARDINAL
"garfield school district calendar
",27,CARDINAL
"garfield school district calendar
",28,CARDINAL
"garfield school district calendar
",29,CARDINAL
"garfield school district calendar
",30,CARDINAL
"garfield school district calendar
",31,CARDINAL
"garfield school district calendar
",Garfield School District,ORG
"garfield school district calendar
",34,CARDINAL
"garfield school district calendar
",Garfield,PERSON
"garfield school district calendar
",NJ,ORG
"garfield school district calendar
",973-340-5000,CARDINAL
"garfield school district calendar
",Su M Tu W Th Fr Sa,PERSON
"garfield school district calendar
",Su M Tu W Th Fr Sa,PERSON
"garfield school district calendar
",1. 1,CARDINAL
"garfield school district calendar
",2,CARDINAL
"garfield school district calendar
",2,CARDINAL
"garfield school district calendar
",3-10,DATE
"garfield school district calendar
",14,CARDINAL
"garfield school district calendar
",9,CARDINAL
"garfield school district calendar
",13,CARDINAL
"garfield school district calendar
",14 15,DATE
"garfield school district calendar
",Garfield School District,PERSON
"all emily windsnap books
",Liz Kessler,PERSON
"all emily windsnap books
",1,CARDINAL
"all emily windsnap books
",The Tail of Emily Windsnap,ORG
"all emily windsnap books
",2003,DATE
"all emily windsnap books
",2,CARDINAL
"all emily windsnap books
",2004,DATE
"all emily windsnap books
",3,CARDINAL
"all emily windsnap books
",Filter  Publication Date  Contributors  The Tail of Emily Windsnap,ORG
"all emily windsnap books
",1,CARDINAL
"all emily windsnap books
",3,CARDINAL
"all emily windsnap books
",1,CARDINAL
"all emily windsnap books
",Six,CARDINAL
"all emily windsnap books
",1,CARDINAL
"all emily windsnap books
",Mist,PERSON
"all emily windsnap books
",The Emily Windsnap,ORG
"all emily windsnap books
",Liz Kessler,PERSON
"all emily windsnap books
",The Tail of Emily Windsnap,ORG
"all emily windsnap books
",Emily Windsnap,PERSON
"soccer ball online
",the Sustainable Development Goals,ORG
"soccer ball online
",Soccer Innovations,ORG
"soccer ball online
",first,ORDINAL
"soccer ball online
",Online Soccer Academy,ORG
"soccer ball online
",FREE,ORG
"recipe for snickers
",2019,DATE
"recipe for snickers
",2,CARDINAL
"recipe for snickers
",two 1 cup,QUANTITY
"recipe for snickers
",3/4 cup,QUANTITY
"recipe for snickers
",three 1/4 cup,QUANTITY
"recipe for snickers
",2021,DATE
"recipe for snickers
",2,CARDINAL
"recipe for snickers
",1 cup,QUANTITY
"recipe for snickers
",3,CARDINAL
"recipe for snickers
",1/4,CARDINAL
"recipe for snickers
",2,CARDINAL
"recipe for snickers
",1,CARDINAL
"recipe for snickers
",3,CARDINAL
"recipe for snickers
",14 ounce,QUANTITY
"recipe for snickers
",Kraft,ORG
"recipe for snickers
",3,CARDINAL
"recipe for snickers
",1/4 cup,QUANTITY
"recipe for snickers
",1 1/2,CARDINAL
"recipe for snickers
",Imperial,ORG
"recipe for snickers
","22, 2022",DATE
"recipe for snickers
",1 cup,QUANTITY
"recipe for snickers
",3,CARDINAL
"recipe for snickers
",60 seconds,TIME
"notrth pole
",the holiday season,DATE
"notrth pole
",Santa,ORG
"notrth pole
",400-year-old,DATE
"notrth pole
",North Pole,LOC
"notrth pole
","7,500 feet",QUANTITY
"notrth pole
",North Pole,LOC
"notrth pole
",Pikes Peak,PERSON
"notrth pole
",Colorado Springs,GPE
"notrth pole
",125,CARDINAL
"notrth pole
",North Pole Physical Therapy,ORG
"notrth pole
",The Office of the City Clerk,ORG
"notrth pole
",the City of North Pole,GPE
pictures of hawaii,hundreds,CARDINAL
pictures of hawaii,Hawaii,GPE
pictures of hawaii,Hawaii,GPE
pictures of hawaii,Unsplash,GPE
pictures of hawaii,Hawaii Pictures.com Showcases Photography,ORG
pictures of hawaii,Hawaii,GPE
pictures of hawaii,Maui Pictures,ORG
pictures of hawaii,Oahu Pictures,ORG
pictures of hawaii,Kauai Pictures,ORG
pictures of hawaii,Big Island Pictures,ORG
pictures of hawaii,313642,DATE
pictures of hawaii,Hawaii,GPE
pictures of hawaii,iStock,ORG
pictures of hawaii,1000,CARDINAL
pictures of hawaii,Thousands,CARDINAL
pictures of hawaii,Hawaii,GPE
